{
  "$schema": "https://schema.management.azure.com/schemas/2015-01-01/deploymentTemplate.json#",
  "contentVersion": "1.0.0.0",
  "parameters": {
    "appBaseName": {
      "type": "string",
      "minLength": 1
    },
    "appBaseSkuName": {
      "type": "string",
      "defaultValue": "B1",
      "allowedValues": [
        "F1",
        "D1",
        "B1",
        "B2",
        "B3",
        "S1",
        "S2",
        "S3",
        "P1",
        "P2",
        "P3",
        "P4"
      ],
      "metadata": {
        "description": "Describes plan's pricing tier and capacity. Check details at https://azure.microsoft.com/en-us/pricing/details/app-service/"
      }
    }},
  "variables": { },
  "resources": [
    {
      "name": "[parameters('appBaseName')]",
      "type": "Microsoft.Web/serverfarms",
      "location": "[resourceGroup().location]",
      "apiVersion": "2015-08-01",
      "sku": {
        "name": "[parameters('appBaseSkuName')]"
      },
      "dependsOn": [ ],
      "tags": {
        "displayName": "appBase"
      },
      "properties": {
        "name": "[parameters('appBaseName')]",
        "numberOfWorkers": 1
      }
    },
    {
      "name": "[parameters('appBaseName')]",
      "type": "Microsoft.Web/sites",
      "location": "[resourceGroup().location]",
      "apiVersion": "2015-08-01",
      "dependsOn": [
        "[resourceId('Microsoft.Web/serverfarms', parameters('appBaseName'))]"
      ],
      "tags": {
        "[concat('hidden-related:', resourceId('Microsoft.Web/serverfarms', parameters('appBaseName')))]": "Resource",
        "displayName": "appBase"
      },
      "properties": {
        "name": "[parameters('appBaseName')]",
        "serverFarmId": "[resourceId('Microsoft.Web/serverfarms', parameters('appBaseName'))]"
      }
    }],
  "outputs": {}
}
